StationCode,New_Lat,New_Long,AREA_SQKM,SITE_ELEV,MAX_ELEV,ELEV_RANGE,PSA8,PSA6,XerMtn,PPT_00_09,TEMP_00_09,AtmCa,AtmMg,AtmSO4,BDH_AVE,CaO_Mean,EVI_MaxAve,KFCT_AVE,LPREM_mean,LST32AVE,MAXWD_WS,MEANP_WS,MgO_Mean,MINP_WS,N_MEAN,P_MEAN,PRMH_AVE,S_Mean,SumAve_P,TMAX_WS,UCS_Mean,XWD_WS
FailGIS_PassPHAB,38.65414225,-123.1748394,12.31725923,185,749,564,North Coast,North Coast,1,138189.5,2184,0.033717256,0.038708924,0.218169056,1.475758793,3.317757963,4440.654391,0.177554359,-0.893050002,63.47222222,15.11111111,1688.758621,15.69484578,3.333333333,0.019887528,0.129095682,3.454461648,0.086371838,1613.80223,299.7333333,111.6297894,88.02777778
FailGIS_NoPHAB,38.99583113,-123.6629058,67.15889272,78,816,738,North Coast,North Coast,1,108668.2031,1754.800049,0.033146231,0.037500316,0.212721874,1.48342138,3.107809007,5429.371158,0.20716811,-0.685915194,83.1902439,13.11219512,1321.018987,1.974598632,2.911392405,0.038164387,0.140920425,3.406776691,0.050181,1465.18507,280.5063291,80.87081583,82.28292683
FailGIS_FailPHAB,38.71168211,-123.3991207,284.6141589,21,812,791,North Coast,North Coast,1,100201.6016,1731.400024,0.033543826,0.038412853,0.216719874,1.487071347,3.134642535,4920.887722,0.209048336,-0.676071929,65.60681818,14.15244596,1455.539291,3.719318315,2.820289855,0.033145949,0.127120798,3.108051322,0.055706348,1465.260115,285.773913,86.5549782,84.18430034
PassGIS_FailPHAB,38.87215632,-123.570305,189.478622,58,823,765,North Coast,North Coast,1,111703.5,1909.400024,0.03309335,0.037666943,0.213026623,1.482793837,3.130545158,5360.98212,0.210650421,-0.684389447,76.67064846,12.5911414,1391.904429,1.975933426,3.396475771,0.037890402,0.140580634,3.280769519,0.089122147,1339.436162,301.3480176,80.66141872,79.52470187
PassGIS_NoPHAB,38.85668165,-123.5619047,174.6072,53,823,770,North Coast,North Coast,1,118543.3984,2041.800049,0.033075143,0.037664174,0.212949582,1.485514769,3.129792117,5338.537733,0.20959685,-0.681707439,76.34392523,12.64044944,1396.54,1.989926432,3.298076923,0.037816463,0.140991247,3.314210269,0.049992203,1307.144176,304.1298077,81.1773015,79.56928839
PassGIS_PassPHAB,39.09522207,-123.6076712,33.53986859,146,698,552,North Coast,North Coast,1,109509.8984,1963.099976,0.033170659,0.0373163,0.212080612,1.485700118,3.132553101,5449.018357,0.214623854,-0.684031725,86.98076923,12.94230769,1249.506667,1.977522969,2.341463415,0.037802,0.140996993,2.857464894,0.049683999,1291.25163,289.4634146,81.15462494,81.01923077
